"","Tissue","Median_Coverage","Mean_Coverage","SD_Coverage","CV_Coverage"
"1","Islet",84,147.359490250917,167.470210857319,113.647387468671
"2","cfDNA",484,1013.5082387361,1338.97764499207,132.113148548437
